filter_id,sample_type,sample_year,site_id,sample_hitch,rep,area_cm2,filtered_vol_ml,filtered_vol_L,BeforeAcid_ul,AfterAcid_ul,mlSamp,mlEtoh,ExtractVol_L
1001,biofilm,2016,LR00,H1,1,17,NA,NA,67.4,19.9,0.2,5,0.01
187,biofilm,2017,LR00,H1,1,6.7,NA,NA,56.3,39.1,0.2,5,0.01
1002,biofilm,2016,LR02,H1,1,17.9,NA,NA,87.2,35.6,0.2,5,0.01
190,biofilm,2017,LR02,H1,1,14.8,NA,NA,225.3,120.6,0.5,5,0.01
1003,biofilm,2016,LR03,H1,1,12,NA,NA,85.6,49.2,0.2,5,0.01
189,biofilm,2017,LR03,H1,1,6.5,NA,NA,26.8,16.7,0.1,5,0.01
1004,biofilm,2016,LR04,H1,1,25,NA,NA,100.2,57.3,0.1,5,0.01
177,biofilm,2017,LR04,H1,1,15.1,NA,NA,59.8,34.2,0.1,5,0.01
1037,biofilm,2016,LR05,H1,1,18.5,NA,NA,190.5,106.3,0.2,5,0.01
141,biofilm,2017,LR05,H1,1,19.5,NA,NA,191,107.5,0.2,5,0.01
1038,biofilm,2016,LR06,H1,1,5.8,NA,NA,91.8,68.8,0.1,3,0.01
143,biofilm,2017,LR06,H1,1,4.98,NA,NA,89.4,67,0.1,3,0.01
1039,biofilm,2016,LR07,H1,1,9.8,NA,NA,238.1,115.7,0.5,5,0.01
145,biofilm,2017,LR07,H1,1,10.2,NA,NA,264.1,119.9,0.5,5,0.01
151,biofilm,2016,LR08,H1,1,12.6,NA,NA,140.6,76.4,0.1,3,0.01
150,biofilm,2017,LR08,H1,1,13.2,NA,NA,159.6,132,0.1,6,0.01
1009,biofilm,2016,MB01,H1,1,6.7,NA,NA,58.5,42.1,0.2,5,0.01
1010,biofilm,2016,MB02,H1,1,19.4,NA,NA,104.9,17.8,0.3,5,0.01
1011,biofilm,2016,MB03,H1,1,16.1,NA,NA,61.2,32.1,0.1,5,0.01
1044,biofilm,2016,MB04,H1,1,7.5,NA,NA,94.5,54.4,0.2,5,0.01
191,biofilm,2017,SW01,H1,1,10.1,NA,NA,165.6,100.9,0.5,5,0.01
179,biofilm,2016,SW01,H1,2,12.1,NA,NA,104.9,56,0.3,5,0.01
195a,biofilm,2016,SW02,H1,1,17.5,NA,NA,98.9,20.1,0.3,5,0.01
195,biofilm,2017,SW02,H1,1,16.5,NA,NA,95.5,18.7,0.3,5,0.01
118,biofilm,2017,SW03,H1,1,8.32,NA,NA,133.9,106.3,0.1,3,0.01
1048,biofilm,2016,SW04,H1,1,9.1,NA,NA,131.8,101.8,0.1,3,0.01
101,biofilm,2017,SW04,H1,1,7.9,NA,NA,95.2,54.4,0.2,5,0.01
55,biofilm,2017,LR00,H2,1,8.6,NA,NA,59.6,28,0.3,5,0.01
68,biofilm,2016,LR00,H2,2,9.8,NA,NA,163.8,97.1,0.5,4,0.01
58,biofilm,2017,LR02,H2,1,16.1,NA,NA,193.7,93.9,1,5,0.02
56,biofilm,2016,LR02,H2,2,13.7,NA,NA,47.3,29.1,0.1,5,0.01
59,biofilm,2017,LR02,H2,3,13.7,NA,NA,54.2,35.7,0.1,5,0.01
1019,biofilm,2016,LR03,H2,1,7.1,NA,NA,53.8,41.8,0.1,5,0.01
60,biofilm,2017,LR03,H2,1,6.04,NA,NA,54.7,46,0.1,5,0.01
74,biofilm,2017,LR04,H2,1,12.1,NA,NA,155.2,100.7,0.3,5,0.01
69,biofilm,2016,LR04,H2,2,8.54,NA,NA,146.6,120.1,0.2,5,0.01
73,biofilm,2017,LR04,H2,3,12.5,NA,NA,110.4,54.4,0.3,5,0.01
156,biofilm,2017,LR05,H2,1,19.2,NA,NA,253.8,128.1,0.2,3,0.01
155,biofilm,2016,LR05,H2,2,15.6,NA,NA,179,126.6,0.2,5,0.01
1022,biofilm,2016,LR06,H2,1,5.9,NA,NA,101.2,81.6,0.1,3,0.01
142,biofilm,2017,LR06,H2,1,5.43,NA,NA,98.8,79.3,0.1,3,0.01
70,biofilm,2017,LR07,H2,1,5.32,NA,NA,31.2,19.4,0.1,5,0.01
52,biofilm,2016,LR07,H2,2,3.7,NA,NA,110.9,72.5,0.5,5,0.01
64,biofilm,2017,LR08,H2,1,14.1,NA,NA,173.5,96.7,0.2,5,0.01
80,biofilm,2016,LR08,H2,2,12.1,NA,NA,63.4,35,0.1,5,0.01
53,biofilm,2017,LR08,H2,3,12.9,NA,NA,63.7,29,0.1,5,0.01
1025,biofilm,2016,MB01,H2,1,15.5,NA,NA,140.5,85.5,0.2,3,0.01
1026,biofilm,2016,MB02,H2,1,18.9,NA,NA,121.8,78.1,0.1,3,0.01
1027,biofilm,2016,MB03,H2,1,13.7,NA,NA,113.5,53.9,0.3,5,0.01
1028,biofilm,2016,MB04,H2,1,8.9,NA,NA,175.3,109.8,0.2,3,0.01
48,biofilm,2017,SW01,H2,1,15.1,NA,NA,159.9,78.2,0.5,5,0.01
45,biofilm,2016,SW01,H2,2,12.1,NA,NA,69.6,43.1,0.2,5,0.01
126,biofilm,2017,SW02,H2,1,13.8,NA,NA,110.6,78.1,0.1,3,0.01
121,biofilm,2016,SW02,H2,2,18.1,NA,NA,108.6,66.8,0.1,3,0.01
114,biofilm,2016,SW03,H2,1,18.2,NA,NA,214.6,155.4,0.1,3,0.01
154,biofilm,2017,SW03,H2,2,17.1,NA,NA,222.1,163.3,0.1,3,0.01
107,biofilm,2017,SW04,H2,1,9.8,NA,NA,174,109.8,0.2,3,0.01
110,biofilm,2017,SW04,H2,2,8.56,NA,NA,79.9,46.6,0.1,3,0.01
139,biofilm,2017,LR00,H3,1,13.2,NA,NA,67,49.6,0.1,3,0.01
133,biofilm,2016,LR00,H3,2,18.5,NA,NA,212.9,124.2,0.5,5,0.01
135,biofilm,2017,LR02,H3,1,23.1,NA,NA,216.9,148.8,0.2,5,0.01
130,biofilm,2016,LR02,H3,2,21.3,NA,NA,225.1,124.5,0.2,3,0.01
1035,biofilm,2016,LR03,H3,1,5.6,NA,NA,92.2,81.1,0.1,3,0.01
149,biofilm,2017,LR03,H3,1,4.34,NA,NA,82.9,76.9,0.1,3,0.01
1036,biofilm,2016,LR04,H3,1,15.1,NA,NA,102.1,62.1,0.2,5,0.01
147,biofilm,2017,LR04,H3,1,15.5,NA,NA,100.2,61.2,0.2,5,0.01
1005,biofilm,2016,LR05,H3,1,18.7,NA,NA,131.2,75.1,0.2,5,0.01
175,biofilm,2017,LR05,H3,1,20.1,NA,NA,132.1,74.6,0.2,5,0.01
1006,biofilm,2016,LR06,H3,1,7.1,NA,NA,45.5,38.1,0.1,5,0.01
164,biofilm,2017,LR06,H3,1,6.8,NA,NA,48.3,40.2,0.1,5,0.01
182,biofilm,2017,LR07,H3,1,15.1,NA,NA,90.6,38.4,0.2,5,0.01
181,biofilm,2016,LR07,H3,2,19.1,NA,NA,158.5,84.6,0.2,5,0.01
1008,biofilm,2016,LR08,H3,1,12.1,NA,NA,59.3,38,0.1,5,0.01
1041,biofilm,2016,MB01,H3,1,12.6,NA,NA,125.5,95.8,0.2,3,0.01
1042,biofilm,2016,MB02,H3,1,20.9,NA,NA,182.5,105.2,0.2,3,0.01
1043,biofilm,2016,MB03,H3,1,16.4,NA,NA,103.4,57.5,0.2,5,0.01
1012,biofilm,2016,MB04,H3,1,9.7,NA,NA,105.5,59.2,0.3,5,0.01
104,biofilm,2017,SW01,H3,1,14.5,NA,NA,197.4,115.6,0.5,4,0.01
123,biofilm,2016,SW01,H3,2,9.5,NA,NA,173.4,119.4,0.4,3,0.01
119,biofilm,2017,SW02,H3,1,17.3,NA,NA,183.4,99.9,0.2,3,0.01
124,biofilm,2016,SW02,H3,2,18.4,NA,NA,195.2,105.2,0.2,3,0.01
113,biofilm,2017,SW03,H3,1,16.1,NA,NA,218.2,179.1,0.1,3,0.01
166,biofilm,2017,SW04,H3,1,10.3,NA,NA,107.1,59.2,0.3,5,0.01
301,FBOM,2016,LR00,H1,1,NA,50,0.05,54.1,37.3,0.1,5,0.01
57,FBOM,2017,LR00,H1,1,NA,50,0.05,51.1,37.3,0.1,5,0.01
301,FBOM,2016,LR02,H1,1,NA,50,0.05,96.1,58.3,0.1,5,0.01
185,FBOM,2017,LR02,H1,1,NA,50,0.05,102.9,59.2,0.1,5,0.01
301,FBOM,2016,LR03,H1,1,NA,50,0.05,169.3,81.2,0.5,9,0.01
196,FBOM,2017,LR03,H1,1,NA,50,0.05,161,82.2,0.5,9,0.01
301,FBOM,2016,LR04,H1,1,NA,50,0.05,52.4,28,0.1,5,0.01
180,FBOM,2017,LR04,H1,1,NA,50,0.05,55.5,28,0.1,5,0.01
301,FBOM,2016,LR05,H1,1,NA,50,0.05,120.2,87.3,0.1,5,0.01
176,FBOM,2017,LR05,H1,1,NA,50,0.05,128.1,86.1,0.1,5,0.01
183,FBOM,2017,LR06,H1,1,NA,50,0.05,157.4,99.4,0.2,10,0.01
178,FBOM,2016,LR06,H1,2,NA,50,0.05,298.2,164.4,0.3,5,0.01
301,FBOM,2016,LR07,H1,1,NA,50,0.05,200.1,150.1,0.1,5,0.01
162,FBOM,2017,LR07,H1,1,NA,50,0.05,217.6,154.4,0.1,5,0.01
301,FBOM,2016,LR08,H1,1,NA,50,0.05,185.4,79.1,0.2,5,0.01
301,FBOM,2016,MB01,H1,1,NA,50,0.05,52.4,31.8,0.5,5,0.01
301,FBOM,2016,MB02,H1,1,NA,50,0.05,80.8,53.7,0.1,5,0.01
301,FBOM,2016,MB03,H1,1,NA,50,0.05,120.3,85.1,0.1,5,0.01
301,FBOM,2016,MB04,H1,1,NA,50,0.05,120.3,81.1,0.1,5,0.01
192,FBOM,2017,SW01,H1,1,NA,50,0.05,52.4,31.8,0.5,5,0.01
194,FBOM,2016,SW01,H1,2,NA,50,0.05,85.2,50.5,0.5,5,0.01
193,FBOM,2017,SW02,H1,1,NA,50,0.05,80.8,53.7,0.1,5,0.01
161,FBOM,2017,SW03,H1,1,NA,50,0.05,105.1,73.9,0.1,5,0.01
169,FBOM,2016,SW03,H1,2,NA,50,0.05,117.3,73.1,0.1,5,0.01
301,FBOM,2016,SW04,H1,1,NA,50,0.05,195.1,141.1,0.1,5,0.01
160,FBOM,2017,SW04,H1,1,NA,50,0.05,128.4,83.3,0.1,5,0.01
50,FBOM,2017,LR00,H2,2,NA,50,0.05,101.1,64.2,0.2,5,0.01
49,FBOM,2016,LR00,H2,3,NA,50,0.05,235.1,135.8,0.5,5,0.01
81,FBOM,2017,LR02,H2,1,NA,50,0.05,48.2,26.7,0.1,5,0.01
54,FBOM,2016,LR02,H2,2,NA,50,0.05,84.6,44.5,0.5,5,0.01
47,FBOM,2017,LR02,H2,3,NA,50,0.05,82.5,45.4,0.5,5,0.01
66,FBOM,2017,LR03,H2,1,NA,50,0.05,193.1,118.9,0.5,5,0.01
67,FBOM,2016,LR03,H2,2,NA,50,0.05,131.3,68.5,0.5,5,0.01
75,FBOM,2017,LR04,H2,2,NA,50,0.05,144.9,101.3,0.5,5,0.01
72,FBOM,2016,LR04,H2,3,NA,50,0.05,58.1,37.1,0.2,5,0.01
163,FBOM,2017,LR05,H2,1,NA,50,0.05,147.2,92.4,0.3,5,0.01
158,FBOM,2016,LR05,H2,2,NA,50,0.05,98.6,70.6,0.1,5,0.01
157,FBOM,2017,LR05,H2,3,NA,50,0.05,275.8,158.7,0.3,3,0.01
301,FBOM,2016,LR06,H2,1,NA,50,0.05,161.5,95.4,0.5,5,0.01
144,FBOM,2017,LR06,H2,1,NA,50,0.05,151.3,98.5,0.5,5,0.01
76,FBOM,2017,LR07,H2,1,NA,50,0.05,238.9,113.5,0.5,5,0.01
71,FBOM,2016,LR07,H2,2,NA,50,0.05,65.1,35.2,0.1,5,0.01
43,FBOM,2017,LR08,H2,1,NA,50,0.05,176.9,93.3,0.4,10,0.01
44,FBOM,2017,LR08,H2,2,NA,50,0.05,168.4,79.1,0.4,5,0.01
51,FBOM,2016,LR08,H2,3,NA,50,0.05,281.8,108.4,0.4,5,0.01
301,FBOM,2016,MB01,H2,1,NA,50,0.05,97.1,85.1,0.1,5,0.01
301,FBOM,2016,MB02,H2,1,NA,50,0.05,99.5,62.5,0.2,5,0.01
301,FBOM,2016,MB03,H2,1,NA,50,0.05,155.8,93.4,0.3,5,0.01
301,FBOM,2016,MB04,H2,1,NA,50,0.05,183.4,134.4,0.2,3,0.01
117,FBOM,2016,SW01,H2,1,NA,50,0.05,101.1,80.8,0.1,5,0.01
42,FBOM,2017,SW01,H2,1,NA,50,0.05,87.4,64.9,0.1,5,0.01
106,FBOM,2017,SW02,H2,1,NA,50,0.05,159.9,102.8,0.5,3,0.01
127,FBOM,2016,SW02,H2,2,NA,50,0.05,165,95.5,0.5,3,0.01
125,FBOM,2017,SW03,H2,1,NA,50,0.05,121.1,62,0.1,5,0.001
115,FBOM,2016,SW03,H2,2,NA,50,0.05,230.5,134.6,0.3,3,0.01
122,FBOM,2017,SW03,H2,3,NA,50,0.05,290,173.1,0.5,3,0.01
112,FBOM,2017,SW04,H2,1,NA,50,0.05,192.2,138.5,0.2,3,0.01
109,FBOM,2016,SW04,H2,2,NA,50,0.05,266.9,144.6,0.3,3,0.01
111,FBOM,2017,SW04,H2,3,NA,50,0.05,90.5,76,0.1,5,0.01
131,FBOM,2017,LR00,H3,1,NA,50,0.05,195.3,148.9,0.2,3,0.01
132,FBOM,2016,LR00,H3,2,NA,50,0.05,166,137.9,0.1,3,0.01
136,FBOM,2017,LR02,H3,1,NA,50,0.05,250.5,139.5,0.5,3,0.01
137,FBOM,2016,LR02,H3,2,NA,50,0.05,143.4,135.4,0.1,3,0.01
301,FBOM,2016,LR03,H3,1,NA,50,0.05,67,61.5,0.1,6,0.01
152,FBOM,2017,LR03,H3,1,NA,50,0.05,72,62.8,0.1,6,0.01
301,FBOM,2016,LR04,H3,1,NA,50,0.05,170.3,110.8,0.2,3,0.01
148,FBOM,2017,LR04,H3,1,NA,50,0.05,177.3,120.9,0.2,3,0.01
301,FBOM,2016,LR05,H3,1,NA,50,0.05,240.5,180.8,0.5,5,0.01
134,FBOM,2017,LR05,H3,1,NA,50,0.05,255.1,184.3,0.5,5,0.01
144,FBOM,2017,LR06,H3,1,NA,50,0.05,153.6,105.1,1,5,0.01
138,FBOM,2016,LR06,H3,2,NA,50,0.05,98.1,85,0.1,3,0.01
140,FBOM,2017,LR07,H3,1,NA,50,0.05,230.7,166.5,0.2,3,0.01
65,FBOM,2016,LR07,H3,3,NA,50,0.05,213.1,110.3,0.5,5,0.01
146,FBOM,2017,LR08,H3,1,NA,50,0.05,204.3,169.9,0.1,3,0.01
153,FBOM,2016,LR08,H3,2,NA,50,0.05,94.1,64.2,0.1,3,0.01
301,FBOM,2016,MB01,H3,1,NA,50,0.05,68.3,60.5,0.1,5,0.01
301,FBOM,2016,MB02,H3,1,NA,50,0.05,194.5,149.3,0.2,3,0.01
301,FBOM,2016,MB03,H3,1,NA,50,0.05,230.4,154.1,0.5,5,0.01
301,FBOM,2016,MB04,H3,1,NA,50,0.05,191.1,126.3,1,5,0.01
116,FBOM,2016,SW01,H3,2,NA,50,0.05,70.5,60.1,0.1,5,0.01
46,FBOM,2017,SW01,H3,2,NA,50,0.05,99.1,84.5,0.1,5,0.01
301,FBOM,2016,SW02,H3,1,NA,50,0.05,186.6,125.1,1,5,0.01
301,FBOM,2016,SW02,H3,1,NA,50,0.05,241.1,125.5,0.5,3,0.01
120,FBOM,2017,SW02,H3,1,NA,50,0.05,152.3,89,0.3,3,0.01
301,FBOM,2016,SW03,H3,1,NA,50,0.05,155.3,109.1,1,5,0.01
102,FBOM,2017,SW03,H3,1,NA,50,0.05,145.2,130.9,0.1,3,0.01
301,FBOM,2016,SW04,H3,1,NA,50,0.05,233.4,165.4,0.2,3,0.01
103,FBOM,2017,SW04,H3,1,NA,50,0.05,201.4,127.6,1,5,0.01
129,seston,2017,LR04,H0,1,NA,1000,1,110.3,101.9,3,0,0.01
1049,seston,2016,LR00,H1,1,NA,1600,1.6,240.5,141.1,3,0,0.01
173,seston,2017,LR00,H1,1,NA,1400,1.4,224.9,138.3,3,0,0.01
167,seston,2017,LR00,H1,2,NA,1600,1.6,275.6,170.8,3,0,0.01
200,seston,2016,LR00,H1,3,NA,1600,1.6,235.6,140.3,3,0,0.01
1050,seston,2016,LR02,H1,1,NA,1600,1.6,251,149,3,0,0.015
13,seston,2017,LR02,H1,1,NA,1600,1.6,244.6,153.3,3,0,0.015
12,seston,2017,LR02,H1,2,NA,1600,1.6,260.8,167.1,3,0,0.015
202,seston,2016,LR02,H1,3,NA,1600,1.6,252.7,151.3,3,0,0.015
1051,seston,2016,LR03,H1,1,NA,1400,1.4,160.9,102.1,3,0,0.015
17,seston,2017,LR03,H1,1,NA,1400,1.4,169.5,108.1,3,0,0.015
203,seston,2017,LR03,H1,2,NA,1400,1.4,175.2,115.3,3,0,0.015
204,seston,2016,LR03,H1,3,NA,1400,1.4,155.5,98.2,3,0,0.015
1052,seston,2016,LR04,H1,1,NA,1000,1,181.2,95.9,3,0,0.015
11,seston,2017,LR04,H1,1,NA,1000,1,39.2,16.9,3,5,0.015
10,seston,2017,LR04,H1,2,NA,1000,1,34.3,13.3,2,5,0.015
19,seston,2016,LR04,H1,3,NA,1000,1,165.2,95.7,3,0,0.015
1053,seston,2016,LR05,H1,1,NA,1600,1.6,25.6,18.4,0.3,5,0.01
165,seston,2017,LR05,H1,1,NA,1600,1.6,25.8,15.3,0.3,5,0.01
159,seston,2017,LR05,H1,2,NA,1600,1.6,76.2,46,0.5,3,0.01
211,seston,2016,LR05,H1,3,NA,1600,1.6,22.1,15.3,0.3,5,0.01
1054,seston,2016,LR06,H1,1,NA,600,0.6,273.1,148.5,3,0,0.01
172,seston,2017,LR06,H1,1,NA,600,0.6,242.9,153.7,3,0,0.01
212,seston,2017,LR06,H1,2,NA,600,0.6,261.2,148.2,3,0,0.01
213,seston,2016,LR06,H1,3,NA,600,0.6,269.8,146.2,3,0,0.01
1055,seston,2016,LR07,H1,1,NA,600,0.6,168.5,110.6,3,5,0.01
168,seston,2017,LR07,H1,1,NA,600,0.6,172.1,100.2,3,5,0.01
186,seston,2017,LR07,H1,2,NA,600,0.6,156.5,102.1,3,5,0.01
216,seston,2016,LR07,H1,3,NA,600,0.6,161.9,102.1,3,5,0.01
1056,seston,2016,LR08,H1,1,NA,800,0.8,198.1,113.8,3,5,0.01
219,seston,2017,LR08,H1,1,NA,800,0.8,179.6,103.5,3,5,0.01
220,seston,2017,LR08,H1,2,NA,800,0.8,169.4,91.1,3,5,0.01
221,seston,2016,LR08,H1,3,NA,800,0.8,193.2,108.7,3,5,0.01
1057,seston,2016,MB01,H1,1,NA,4000,4,260.8,131.1,3,5,0.01
1058,seston,2016,MB02,H1,1,NA,2900,2.9,20.1,10.8,0.2,5,0.01
1059,seston,2016,MB03,H1,1,NA,1100,1.1,295.4,152.1,3,0,0.01
1060,seston,2016,MB04,H1,1,NA,600,0.6,140.1,95.1,3,5,0.01
1061,seston,2016,SW01,H1,1,NA,3800,3.8,250.3,135.4,3,5,0.01
171,seston,2017,SW01,H1,1,NA,3800,3.8,205.9,125.4,3,5,0.01
223,seston,2017,SW01,H1,2,NA,3800,3.8,222.1,135.3,3,5,0.01
224,seston,2016,SW01,H1,3,NA,3800,3.8,219.2,124.7,3,5,0.01
1062,seston,2016,SW02,H1,1,NA,1000,1,22.1,18.2,0.2,5,0.01
188,seston,2017,SW02,H1,1,NA,1000,1,16.5,12.8,0.2,5,0.01
227,seston,2017,SW02,H1,2,NA,1000,1,17.9,13.4,0.2,5,0.01
228,seston,2016,SW02,H1,3,NA,1000,1,16.9,12.3,0.2,5,0.01
1063,seston,2016,SW03,H1,1,NA,1500,1.5,290.3,155.5,3,0,0.01
174,seston,2017,SW03,H1,1,NA,1500,1.5,244.8,132.4,3,0,0.01
231,seston,2017,SW03,H1,2,NA,1500,1.5,266.3,132.3,3,0,0.01
232,seston,2016,SW03,H1,3,NA,1500,1.5,278.3,140.3,3,0,0.01
1064,seston,2016,SW04,H1,1,NA,600,0.6,148.1,80.1,3,5,0.01
170,seston,2017,SW04,H1,1,NA,600,0.6,124.3,88.1,3,5,0.01
236,seston,2017,SW04,H1,2,NA,600,0.6,119.9,78.2,3,5,0.01
237,seston,2016,SW04,H1,3,NA,600,0.6,143.3,89.2,3,5,0.01
1065,seston,2016,LR00,H2,1,NA,2000,2,135,90,3,0,0.015
16,seston,2017,LR00,H2,1,NA,2000,2,135.5,85.6,3,0,0.015
18,seston,2017,LR00,H2,2,NA,2000,2,140.3,95.5,3,0,0.015
20,seston,2016,LR00,H2,3,NA,2000,2,129,87.8,3,0,0.015
1066,seston,2016,LR02,H2,1,NA,800,0.8,121.2,79.8,3,0,0.01
34,seston,2017,LR02,H2,1,NA,1000,1,278.3,233.7,3,0,0.01
93,seston,2017,LR02,H2,2,NA,1000,1,119.5,69.4,3,0,0.01
85,seston,2016,LR02,H2,3,NA,800,0.8,109.7,72.3,3,0,0.01
1067,seston,2016,LR03,H2,1,NA,1400,1.4,135.8,93.2,3,0,0.015
21,seston,2017,LR03,H2,1,NA,1400,1.4,136.4,99.6,3,0,0.015
61,seston,2017,LR03,H2,2,NA,1400,1.4,125.5,82.1,3,0,0.015
205,seston,2016,LR03,H2,3,NA,1400,1.4,129.9,91.2,3,0,0.015
1068,seston,2016,LR04,H2,1,NA,800,0.8,119.2,80.3,3,0,0.015
184,seston,2017,LR04,H2,1,NA,1000,1,77.3,46.8,3,0,0.01
209,seston,2017,LR04,H2,2,NA,800,0.8,99,73.1,3,0,0.015
210,seston,2016,LR04,H2,3,NA,800,0.8,110,74.2,3,0,0.015
1069,seston,2016,LR05,H2,1,NA,1000,1,19.4,13.4,0.5,5,0.01
94,seston,2017,LR05,H2,1,NA,1400,1.4,214.2,151.9,3,0,0.01
92,seston,2017,LR05,H2,2,NA,1000,1,225.4,158.8,2,1,0.01
63,seston,2016,LR05,H2,3,NA,1000,1,14.2,9.2,0.5,5,0.01
1070,seston,2016,LR06,H2,1,NA,800,0.8,83.9,52.5,2,5,0.015
8,seston,2017,LR06,H2,1,NA,800,0.8,97.8,64.6,2,5,0.015
9,seston,2017,LR06,H2,2,NA,800,0.8,177.4,135.4,2,5,0.015
5,seston,2016,LR06,H2,3,NA,800,0.8,80.7,50,2,5,0.015
1071,seston,2016,LR07,H2,1,NA,600,0.6,225.1,153.4,3,0,0.015
7,seston,2017,LR07,H2,1,NA,600,0.6,70.4,39.4,2,5,0.015
6,seston,2017,LR07,H2,2,NA,600,0.6,61.2,36.4,2,5,0.015
22,seston,2016,LR07,H2,3,NA,600,0.6,235.1,149.7,3,0,0.015
1072,seston,2016,LR08,H2,1,NA,400,0.4,85.8,55.7,2,5,0.015
3,seston,2017,LR08,H2,1,NA,500,0.5,83.5,54.5,2,5,0.015
1,seston,2017,LR08,H2,2,NA,400,0.4,59,36.4,2,5,0.015
2,seston,2016,LR08,H2,3,NA,400,0.4,80.4,49.2,2,5,0.015
1073,seston,2016,MB01,H2,1,NA,3800,3.8,241.3,175.6,3,3,0.01
1074,seston,2016,MB02,H2,1,NA,2800,2.8,128.5,89.1,1.5,5,0.01
1075,seston,2016,MB03,H2,1,NA,1100,1.1,270.3,185.8,3,0,0.01
1076,seston,2016,MB04,H2,1,NA,600,0.6,195.1,114.3,3,2,0.01
1077,seston,2016,SW01,H2,1,NA,2800,2.8,257.4,181.1,3,3,0.01
83,seston,2017,SW01,H2,1,NA,2800,2.8,155.6,76.8,3,3,0.01
86,seston,2017,SW01,H2,2,NA,3600,3.6,255.4,164.6,3,3,0.01
225,seston,2016,SW01,H2,3,NA,2800,2.8,232.4,169.4,3,3,0.01
1078,seston,2016,SW02,H2,1,NA,1800,1.8,131.1,80.1,3,5,0.01
90,seston,2017,SW02,H2,1,NA,1800,1.8,106.8,55.8,3,5,0.01
87,seston,2017,SW02,H2,2,NA,1800,1.8,104.3,62.5,3,5,0.01
229,seston,2016,SW02,H2,3,NA,1800,1.8,94.5,55.2,3,5,0.01
1079,seston,2016,SW03,H2,1,NA,1400,1.4,268.5,190.7,3,0,0.01
78,seston,2017,SW03,H2,1,NA,1600,1.6,261.8,177.9,3,0,0.01
77,seston,2017,SW03,H2,2,NA,1500,1.5,16.3,10,0.5,5,0.01
91,seston,2016,SW03,H2,3,NA,1400,1.4,261.1,183.4,3,0,0.01
1080,seston,2016,SW04,H2,1,NA,600,0.6,182.4,116.5,3,2,0.01
62,seston,2017,SW04,H2,1,NA,600,0.6,31,16,0.5,5,0.01
88,seston,2017,SW04,H2,2,NA,600,0.6,121.7,79.6,1,3,0.01
89,seston,2016,SW04,H2,3,NA,600,0.6,190.2,115.2,3,2,0.01
39,seston,2017,HC00,H3,1,NA,600,0.6,66.6,35.8,1.5,5,0.01
4,seston,2017,HC02,H3,1,NA,400,0.4,45.6,23.4,1,5,0.015
1065,seston,2016,LR00,H3,1,NA,2800,2.8,195,138,3,0,0.01
33,seston,2017,LR00,H3,1,NA,2300,2.3,189.2,148.4,3,0,0.01
23,seston,2017,LR00,H3,2,NA,2800,2.8,196.6,143.6,3,0,0.015
201,seston,2016,LR00,H3,3,NA,2800,2.8,192.8,135.8,3,0,0.01
1066,seston,2016,LR02,H3,1,NA,1000,1,64.1,46.8,1,2,0.01
15,seston,2017,LR02,H3,1,NA,1800,1.8,133.2,94.9,3,0,0.015
14,seston,2017,LR02,H3,2,NA,1800,1.8,131.3,103,3,0,0.015
79,seston,2016,LR02,H3,3,NA,1000,1,58,45.8,1,2,0.01
1067,seston,2016,LR03,H3,1,NA,800,0.8,103.2,95.3,3,0,0.01
82,seston,2017,LR03,H3,1,NA,800,0.8,113.3,105.9,3,0,0.01
84,seston,2017,LR03,H3,2,NA,800,0.8,102.3,77.6,3,0,0.01
206,seston,2016,LR03,H3,3,NA,800,0.8,101.1,91.75,3,0,0.01
1068,seston,2016,LR04,H3,1,NA,1000,1,94.6,47.5,3,0,0.01
25,seston,2017,LR04,H3,1,NA,800,0.8,104,69.3,3,0,0.015
207,seston,2017,LR04,H3,2,NA,1000,1,82.1,48.1,3,0,0.01
208,seston,2016,LR04,H3,3,NA,1000,1,90.4,45.3,3,0,0.01
1069,seston,2016,LR05,H3,1,NA,1000,1,55.6,48.1,1,6,0.01
27,seston,2017,LR05,H3,1,NA,1000,1,153.1,101.9,3,0,0.015
28,seston,2017,LR05,H3,2,NA,1000,1,201.2,163.4,3,0,0.015
30,seston,2016,LR05,H3,3,NA,1000,1,52.3,44.7,1,6,0.01
1070,seston,2016,LR06,H3,1,NA,800,0.8,157.4,78.5,3,5,0.015
24,seston,2017,LR06,H3,1,NA,800,0.8,160.4,66.5,3,4,0.015
214,seston,2017,LR06,H3,2,NA,800,0.8,134.8,73.1,3,6,0.015
215,seston,2016,LR06,H3,3,NA,800,0.8,152.5,69.1,3,5,0.015
1071,seston,2016,LR07,H3,1,NA,600,0.6,210.2,110.8,3,0,0.015
26,seston,2017,LR07,H3,1,NA,500,0.5,208.1,144.9,2,0,0.015
217,seston,2017,LR07,H3,2,NA,500,0.5,201.4,111.2,2,0,0.015
218,seston,2016,LR07,H3,3,NA,600,0.6,205.6,129.8,3,0,0.015
1072,seston,2016,LR08,H3,1,NA,800,0.8,151.1,79.4,1.5,5,0.01
35,seston,2017,LR08,H3,1,NA,800,0.8,129.4,67,1.5,5,0.01
41,seston,2017,LR08,H3,2,NA,800,0.8,152.3,88.6,1,5,0.01
222,seston,2016,LR08,H3,3,NA,800,0.8,135.7,63.8,1.5,5,0.01
1073,seston,2016,MB01,H3,1,NA,4000,4,100.2,70.3,2,5,0.01
1074,seston,2016,MB02,H3,1,NA,2800,2.8,156.4,121.8,2,5,0.01
1075,seston,2016,MB03,H3,1,NA,1000,1,165.3,140.1,3,0,0.01
1076,seston,2016,MB04,H3,1,NA,500,0.5,62.1,16.9,2,5,0.01
1077,seston,2016,SW01,H3,1,NA,2600,2.6,95.3,61.8,2,5,0.01
40,seston,2017,SW01,H3,1,NA,2600,2.6,76.2,42.3,2,5,0.01
37,seston,2017,SW01,H3,2,NA,2600,2.6,77.2,35.2,2.5,5,0.01
226,seston,2016,SW01,H3,3,NA,2600,2.6,82.1,55.2,2,5,0.01
1078,seston,2016,SW02,H3,1,NA,1000,1,143.1,123.2,3,0,0.01
31,seston,2017,SW02,H3,1,NA,1000,1,18.1,11.7,1.5,5,0.01
36,seston,2017,SW02,H3,2,NA,1000,1,139.4,120.7,3,0,0.01
230,seston,2016,SW02,H3,3,NA,1000,1,126.6,101.2,3,0,0.01
1079,seston,2016,SW03,H3,1,NA,1600,1.6,189.5,159.1,3,0,0.01
32,seston,2017,SW03,H3,1,NA,1600,1.6,181.5,131.3,3,0,0.01
38,seston,2017,SW03,H3,2,NA,1600,1.6,197,140.4,3,0,0.01
233,seston,2016,SW03,H3,3,NA,1600,1.6,172.1,142.9,3,0,0.01
1080,seston,2016,SW04,H3,1,NA,600,0.6,80.1,25.2,2,5,0.01
29,seston,2017,SW04,H3,1,NA,600,0.6,84.6,31.7,2,5,0.01
234,seston,2017,SW04,H3,2,NA,600,0.6,80.1,20.1,2,5,0.01
235,seston,2016,SW04,H3,3,NA,600,0.6,70.1,15.4,2,5,0.01